Reference,Value,Footprint,Description,DNP,Manufacturer,ManufacturerMPN,ProcurementChannel,EngineeringStatus,QualificationStatus,PurchaseQtyPerBoard,ProcurementNotes,SourceURL,SourceNotes,ResearchDate,StockVerified,PhysicalValidationComplete
J3,USB-C 16P 沉板 (TYPE-C-31-M-14),badge:TYPE-C-31-M-14,"HRO TYPE-C-31-M-14, 16P USB 2.0 mid-mount receptacle",False,HRO,TYPE-C-31-M-14,LCSC C223907,SOURCE_SPECIFIED,FIRST_ARTICLE_PENDING,1,16P mid-mount;1A rating;0.75mm vendor PCB versus0.8 candidate requires fit test.,https://www.lcsc.com/datasheet/C223907.pdf,Manufacturer data hosted by distributor; incoming revision must be verified,2026-09-30,False,False
R1,5.1k,Resistor_SMD:R_0402_1005Metric,5.1k 0402 1%,False,YAGEO,RC0402FR-075K1L,DigiKey/Mouser exact MPN,CANDIDATE,FIRST_ARTICLE_PENDING,1,"1%,0.063W at70C,100ppm/K;independent CC pulldowns.",https://yageogroup.com/component-documentation/download/specsheet/RC0402FR-075K1L,Manufacturer source; application qualification pending,2026-09-30,False,False
R2,5.1k,Resistor_SMD:R_0402_1005Metric,5.1k 0402 1%,False,YAGEO,RC0402FR-075K1L,DigiKey/Mouser exact MPN,CANDIDATE,FIRST_ARTICLE_PENDING,1,"1%,0.063W at70C,100ppm/K;independent CC pulldowns.",https://yageogroup.com/component-documentation/download/specsheet/RC0402FR-075K1L,Manufacturer source; application qualification pending,2026-09-30,False,False
C1,4.7u,Capacitor_SMD:C_0603_1608Metric,4.7uF 10V X5R 0603,False,TDK,C1608X5R1C475K080AC,TDK authorized distributor,CANDIDATE,FIRST_ARTICLE_PENDING,1,4.7uF10%16V X5R;above10V source minimum;max body0.90mm;effective capacitance and LDO stability pending.,https://product.tdk.com/en/search/capacitor/ceramic/mlcc/info?part_no=C1608X5R1C475K080AC,Manufacturer source; application qualification pending,2026-09-30,False,False
U3,MCP73831T-2ACI/OT,Package_TO_SOT_SMD:SOT-23-5,Microchip MCP73831 4.2V charger; 10k PROG nominal100mA; protected single-cell LiPo only,False,Microchip,MCP73831T-2ACI/OT,Microchip Direct/DigiKey,SOURCE_SPECIFIED,FIRST_ARTICLE_PENDING,1,4.2V charger;R3=10k nominal100mA;no cell-temperature input or safety timer.,https://www.microchip.com/en-us/product/mcp73831,Manufacturer source; application qualification pending,2026-09-30,False,False
R3,10k,Resistor_SMD:R_0402_1005Metric,"MCP73831 RPROG10k -> nominal100mA, verify actual cell rating",False,YAGEO,RC0402FR-0710KL,DigiKey/Mouser exact MPN,CANDIDATE,FIRST_ARTICLE_PENDING,1,"1%,0.063W at70C,100ppm/K;R3 must remain10k.",https://yageogroup.com/component-documentation/download/specsheet/RC0402FR-0710KL,Manufacturer source; application qualification pending,2026-09-30,False,False
R4,1k,Resistor_SMD:R_0402_1005Metric,1k 0402 1%,False,YAGEO,RC0402FR-071KL,DigiKey/Mouser exact MPN,CANDIDATE,FIRST_ARTICLE_PENDING,1,"1%,0.063W at70C,100ppm/K;verify LED current.",https://yageogroup.com/component-documentation/download/specsheet/RC0402FR-071KL,Manufacturer source; application qualification pending,2026-09-30,False,False
D4,RED,LED_SMD:LED_0603_1608Metric,"LED 0603 red, charging indicator",False,Kingbright,APT1608SURCK,DigiKey/Mouser exact MPN,CANDIDATE,FIRST_ARTICLE_PENDING,1,Red0603;nominal height0.75mm;check cathode and low-current visibility.,https://www.kingbrightusa.com/images/catalog/spec/apt1608surck.pdf,Manufacturer source; application qualification pending,2026-09-30,False,False
C2,4.7u,Capacitor_SMD:C_0603_1608Metric,4.7uF 10V X5R 0603,False,TDK,C1608X5R1C475K080AC,TDK authorized distributor,CANDIDATE,FIRST_ARTICLE_PENDING,1,4.7uF10%16V X5R;above10V source minimum;max body0.90mm;effective capacitance and LDO stability pending.,https://product.tdk.com/en/search/capacitor/ceramic/mlcc/info?part_no=C1608X5R1C475K080AC,Manufacturer source; application qualification pending,2026-09-30,False,False
J2,JST PH2.0 battery,Connector_JST:JST_PH_S2B-PH-SM4-TB_1x02-1MP_P2.00mm_Horizontal,JST S2B-PH-SM4-TB; Adafruit1578 keyedPHR2 mate: contact1GND/contact2VBAT; verify incoming lot keyedface+voltage beforepower; retain original lead,False,JST,S2B-PH-SM4-TB(LF)(SN),DigiKey/Mouser;LCSC C295747,SOURCE_SPECIFIED,FIRST_ARTICLE_PENDING,1,"PH2.0 horizontal;pin1GND,pin2VBAT;measure incoming keyed lead polarity;full mating fit pending.",https://www.jst-mfg.com/product/index.php?lang=2&series=153,Manufacturer source; application qualification pending,2026-09-30,False,False
U4,XC6220B331MR-G,Package_TO_SOT_SMD:SOT-23-5,LDO 3.3V Iq 8uA 1A SOT-25 VIN/GND/CE/NC/VOUT. Torex 3.0-3.5V pair: CIN=10uF CL=4.7uF near U4.,False,Torex,XC6220B331MR-G,Torex Direct/DigiKey,SOURCE_SPECIFIED,FIRST_ARTICLE_PENDING,1,"3.3V;VIN/GND/CE/NC/VOUT;verify effective CIN/CL,dropout,load steps and temperature.",https://product.torexsemi.com/system/files/series/xc6220.pdf,Manufacturer source; application qualification pending,2026-09-30,False,False
C3,10u,Capacitor_SMD:C_0603_1608Metric,"10uF 6.3V X5R 0603 LDO CIN (Torex table, 3.3V with CL=4.7uF)",False,TDK,C1608X5R0J106K080AB,TDK authorized distributor,CANDIDATE,FIRST_ARTICLE_PENDING,1,10uF10%6.3V X5R;max body0.90mm;VSYS transient/DC-bias checks pending.,https://product.tdk.com/en/search/capacitor/ceramic/mlcc/info?part_no=C1608X5R0J106K080AB,Manufacturer source; application qualification pending,2026-09-30,False,False
C4,4.7u,Capacitor_SMD:C_0603_1608Metric,4.7uF 10V X5R 0603 LDO CL near VOUT (Torex 3.00-3.50V + CIN=10uF),False,TDK,C1608X5R1C475K080AC,TDK authorized distributor,CANDIDATE,FIRST_ARTICLE_PENDING,1,4.7uF10%16V X5R;above10V source minimum;max body0.90mm;effective capacitance and LDO stability pending.,https://product.tdk.com/en/search/capacitor/ceramic/mlcc/info?part_no=C1608X5R1C475K080AC,Manufacturer source; application qualification pending,2026-09-30,False,False
R5,1M,Resistor_SMD:R_0402_1005Metric,1M 0402 1%,False,YAGEO,RC0402FR-071ML,DigiKey/Mouser exact MPN,CANDIDATE,FIRST_ARTICLE_PENDING,1,"1%,0.063W at70C,100ppm/K;divider leakage/calibration pending.",https://yageogroup.com/component-documentation/download/specsheet/RC0402FR-071ML,Manufacturer source; application qualification pending,2026-09-30,False,False
R6,1M,Resistor_SMD:R_0402_1005Metric,1M 0402 1%,False,YAGEO,RC0402FR-071ML,DigiKey/Mouser exact MPN,CANDIDATE,FIRST_ARTICLE_PENDING,1,"1%,0.063W at70C,100ppm/K;divider leakage/calibration pending.",https://yageogroup.com/component-documentation/download/specsheet/RC0402FR-071ML,Manufacturer source; application qualification pending,2026-09-30,False,False
C5,100n,Capacitor_SMD:C_0402_1005Metric,100n 0402,False,TDK,C1005X7R1C104K050BC,TDK authorized distributor,CANDIDATE,FIRST_ARTICLE_PENDING,1,100nF10%16V X7R;max body0.55mm.,https://product.tdk.com/en/search/capacitor/ceramic/mlcc/info?part_no=C1005X7R1C104K050BC,Manufacturer source; application qualification pending,2026-09-30,False,False
TP4,VBAT,TestPoint:TestPoint_Pad_D1.0mm,test pad,False,N/A,N/A,PCB fabrication artwork,FAB_ONLY,FABRICATION_FEATURE,0,Copper test pads only;purchase quantity0;no fitted hardware.,N/A: fabrication artwork,Manufacturer source; application qualification pending,2026-09-30,False,False
TP2,3V3,TestPoint:TestPoint_Pad_D1.0mm,test pad,False,N/A,N/A,PCB fabrication artwork,FAB_ONLY,FABRICATION_FEATURE,0,Copper test pads only;purchase quantity0;no fitted hardware.,N/A: fabrication artwork,Manufacturer source; application qualification pending,2026-09-30,False,False
TP3,GND,TestPoint:TestPoint_Pad_D1.0mm,test pad,False,N/A,N/A,PCB fabrication artwork,FAB_ONLY,FABRICATION_FEATURE,0,Copper test pads only;purchase quantity0;no fitted hardware.,N/A: fabrication artwork,Manufacturer source; application qualification pending,2026-09-30,False,False
U1,ESP32-C3-MINI-1-N4X,badge:ESP32-C3-MINI-1,Espressif current C3 MINI1 N4X; module antenna clearance and RF on-body test required,False,Espressif,ESP32-C3-MINI-1-N4X,Espressif authorized distributor,SELECTED,FIRST_ARTICLE_PENDING,1,Design-selected PCB antenna4MB module;no N4/MINI-1U substitution;on-body RF pending.,https://documentation.espressif.com/esp32-c3-mini-1_datasheet_en.html,Manufacturer source; application qualification pending,2026-09-30,False,False
C6,10u,Capacitor_SMD:C_0603_1608Metric,10uF 6.3V X5R 0603,False,TDK,C1608X5R0J106K080AB,TDK authorized distributor,CANDIDATE,FIRST_ARTICLE_PENDING,1,10uF10%6.3V X5R;max body0.90mm;VSYS transient/DC-bias checks pending.,https://product.tdk.com/en/search/capacitor/ceramic/mlcc/info?part_no=C1608X5R0J106K080AB,Manufacturer source; application qualification pending,2026-09-30,False,False
C7,100n,Capacitor_SMD:C_0402_1005Metric,100n 0402,False,TDK,C1005X7R1C104K050BC,TDK authorized distributor,CANDIDATE,FIRST_ARTICLE_PENDING,1,100nF10%16V X7R;max body0.55mm.,https://product.tdk.com/en/search/capacitor/ceramic/mlcc/info?part_no=C1005X7R1C104K050BC,Manufacturer source; application qualification pending,2026-09-30,False,False
R7,10k,Resistor_SMD:R_0402_1005Metric,10k 0402 1%,False,YAGEO,RC0402FR-0710KL,DigiKey/Mouser exact MPN,CANDIDATE,FIRST_ARTICLE_PENDING,1,"1%,0.063W at70C,100ppm/K;R3 must remain10k.",https://yageogroup.com/component-documentation/download/specsheet/RC0402FR-0710KL,Manufacturer source; application qualification pending,2026-09-30,False,False
C8,1u,Capacitor_SMD:C_0402_1005Metric,1u 0402,False,Samsung Electro-Mechanics,CL05A105KP5NNNC,DigiKey/Mouser exact MPN,CANDIDATE,FIRST_ARTICLE_PENDING,1,1uF10%10V X5R0402;max body0.55mm.,https://product.samsungsem.com/mlcc/CL05A105KP5NNN.do,Manufacturer source; application qualification pending,2026-09-30,False,False
R8,10k,Resistor_SMD:R_0402_1005Metric,10k 0402 1%,False,YAGEO,RC0402FR-0710KL,DigiKey/Mouser exact MPN,CANDIDATE,FIRST_ARTICLE_PENDING,1,"1%,0.063W at70C,100ppm/K;R3 must remain10k.",https://yageogroup.com/component-documentation/download/specsheet/RC0402FR-0710KL,Manufacturer source; application qualification pending,2026-09-30,False,False
R10,10k,Resistor_SMD:R_0402_1005Metric,10k 0402 1%,False,YAGEO,RC0402FR-0710KL,DigiKey/Mouser exact MPN,CANDIDATE,FIRST_ARTICLE_PENDING,1,"1%,0.063W at70C,100ppm/K;R3 must remain10k.",https://yageogroup.com/component-documentation/download/specsheet/RC0402FR-0710KL,Manufacturer source; application qualification pending,2026-09-30,False,False
R9,1k,Resistor_SMD:R_0402_1005Metric,1k 0402 1%,False,YAGEO,RC0402FR-071KL,DigiKey/Mouser exact MPN,CANDIDATE,FIRST_ARTICLE_PENDING,1,"1%,0.063W at70C,100ppm/K;verify LED current.",https://yageogroup.com/component-documentation/download/specsheet/RC0402FR-071KL,Manufacturer source; application qualification pending,2026-09-30,False,False
D5,GREEN,LED_SMD:LED_0603_1608Metric,"LED 0603 green, status",False,Kingbright,APT1608SGC,DigiKey/Mouser exact MPN,CANDIDATE,FIRST_ARTICLE_PENDING,1,Green0603;nominal height0.75mm;check actual approximately1mA visibility and cathode.,https://www.kingbrightusa.com/images/catalog/spec/apt1608sgc.pdf,Manufacturer source; application qualification pending,2026-09-30,False,False
SW1,RESET,Button_Switch_SMD:SW_SPST_PTS810,C&K PTS810; nominalheight2.5mm(+.2/-.1); travel.15+/-.1mm; actuator/flexure must be tested,False,C&K/Littelfuse,PTS810 SJM 250 SMTR LFS,DigiKey/Mouser exact MPN,CANDIDATE,FIRST_ARTICLE_PENDING,1,160gf;assembled2.5mm +0.2/-0.1;travel0.15+/-0.1mm;not old1.5mm;actuator first article pending.,https://www.ckswitches.com/media/2214/tactile.pdf,Manufacturer source; application qualification pending,2026-09-30,False,False
SW2,BOOT/USER,Button_Switch_SMD:SW_SPST_PTS810,C&K PTS810; nominalheight2.5mm(+.2/-.1); travel.15+/-.1mm; actuator/flexure must be tested,False,C&K/Littelfuse,PTS810 SJM 250 SMTR LFS,DigiKey/Mouser exact MPN,CANDIDATE,FIRST_ARTICLE_PENDING,1,160gf;assembled2.5mm +0.2/-0.1;travel0.15+/-0.1mm;not old1.5mm;actuator first article pending.,https://www.ckswitches.com/media/2214/tactile.pdf,Manufacturer source; application qualification pending,2026-09-30,False,False
Q10,AO3401A,Package_TO_SOT_SMD:SOT-23,"P-MOS battery load-share, sourceVSYS/drainVBAT; body diode VBAT->VSYS; AN1149 topology",False,Alpha and Omega Semiconductor,AO3401A,DigiKey/Mouser exact MPN,SOURCE_SPECIFIED,FIRST_ARTICLE_PENDING,1,P-MOS;G1/S2/D3;preserve load-share/gate orientation;inrush/leakage/heat pending.,https://www.aosmd.com/res/data_sheets/AO3401A.pdf,Manufacturer source; application qualification pending,2026-09-30,False,False
R20,100k,Resistor_SMD:R_0402_1005Metric,100k 0402 1%,False,YAGEO,RC0402FR-07100KL,DigiKey/Mouser exact MPN,CANDIDATE,FIRST_ARTICLE_PENDING,1,"1%,0.063W at70C,100ppm/K.",https://yageogroup.com/component-documentation/download/specsheet/RC0402FR-07100KL,Manufacturer source; application qualification pending,2026-09-30,False,False
D10,SS14,Diode_SMD:D_SMA,USB to VSYS Schottky40V1A; evaluate thermal and droop,False,Vishay,SS14-E3/61T,DigiKey/Mouser exact MPN,CANDIDATE,FIRST_ARTICLE_PENDING,1,"40V1A SMA;K=VSYS,A=VBUS;forward drop and heat pending.",https://www.vishay.com/doc?88746=,Manufacturer source; application qualification pending,2026-09-30,False,False
C30,22u,Capacitor_SMD:C_0805_2012Metric,22uF10V X5R0805,False,TDK,C2012X5R1A226K125AB,TDK authorized distributor,CANDIDATE,FIRST_ARTICLE_PENDING,1,22uF10%10V X5R;max body1.45mm;DC-bias/inrush pending.,https://product.tdk.com/en/search/capacitor/ceramic/mlcc/info?part_no=C2012X5R1A226K125AB,Manufacturer source; application qualification pending,2026-09-30,False,False
J1,EPD50 FH34SRJ,badge:FH34SRJ-50S-0.5SH,Hirose FH34SRJ-50S-0.5SH(50); .5pitch50P dualcontact .3FPC; pending footprint drawing verification,False,Hirose,FH34SRJ-50S-0.5SH(50),DigiKey/Mouser exact MPN,SELECTED,FIRST_ARTICLE_PENDING,1,Design-selected50P0.5 dual-contact for0.3mm FPC;nominal1.0mm height;pin1/locking/mating pending.,https://www.hirose.com/product/p/CL0580-1266-2-50,Manufacturer source; application qualification pending,2026-09-30,False,False
Q20,AO3401A,Package_TO_SOT_SMD:SOT-23,3V3 panel hard powergate; default10k gatepullup OFF; SPI pins hi-Z before poweroff,False,Alpha and Omega Semiconductor,AO3401A,DigiKey/Mouser exact MPN,SOURCE_SPECIFIED,FIRST_ARTICLE_PENDING,1,P-MOS;G1/S2/D3;preserve load-share/gate orientation;inrush/leakage/heat pending.,https://www.aosmd.com/res/data_sheets/AO3401A.pdf,Manufacturer source; application qualification pending,2026-09-30,False,False
C100,100u/6.3V,Capacitor_SMD:C_1210_3225Metric,100uF6.3V X5R1210; effectivecap/inrush verify,False,Samsung Electro-Mechanics,CL32A107MQVNNNE,DigiKey/Mouser exact MPN,CANDIDATE,FIRST_ARTICLE_PENDING,1,100uF20%6.3V X5R1210;max body2.8mm;bias/inrush/soldered height pending.,https://product.samsungsem.com/mlcc/CL32A107MQVNNN.do,Manufacturer source; application qualification pending,2026-09-30,False,False
C101,100n,Capacitor_SMD:C_0402_1005Metric,100n 0402,False,TDK,C1005X7R1C104K050BC,TDK authorized distributor,CANDIDATE,FIRST_ARTICLE_PENDING,1,100nF10%16V X7R;max body0.55mm.,https://product.tdk.com/en/search/capacitor/ceramic/mlcc/info?part_no=C1005X7R1C104K050BC,Manufacturer source; application qualification pending,2026-09-30,False,False
FB1,BLM18PG121SN1D,Inductor_SMD:L_0603_1608Metric,Murata BLM18PG121SN1D from vendorboost reference,False,Murata,BLM18PG121SN1D,DigiKey/Mouser exact MPN,REFERENCE_EXACT,FIRST_ARTICLE_PENDING,1,120ohm@100MHz;2A at datasheet conditions;DCRmax0.05ohm;bias/thermal pending.,https://www.murata.com/products/productdata/8796738650142/ENFA0003.pdf?1730777412000=,Manufacturer source; application qualification pending,2026-09-30,False,False
L1,10uH,Inductor_SMD:L_Changjiang_FNR4018S,10uH shielded4x4x1.8; Isat>=1A target pending vendor peak-current test; no47uH substitute,False,cjiang/Changjiang,FNR4018S100MT,LCSC C167808,CANDIDATE,FIRST_ARTICLE_PENDING,1,"10uH20%,4x4x1.8mm,DCRmax0.234ohm;conservative Isat1.3A/Irms0.84A;typ1.6/1.2A not guaranteed;waveform/heat pending.",https://www.lcsc.com/product-detail/C167808.html ; https://img.ichunt.com/doc/pdf/cms/201807/19/de6ca674f8412d481b3fd051c98c9aff.pdf,Manufacturer data hosted by distributor; incoming revision must be verified,2026-09-30,False,False
L2,10uH,Inductor_SMD:L_Changjiang_FNR4018S,10uH shielded4x4x1.8; Isat>=1A target pending vendor peak-current test; no47uH substitute,False,cjiang/Changjiang,FNR4018S100MT,LCSC C167808,CANDIDATE,FIRST_ARTICLE_PENDING,1,"10uH20%,4x4x1.8mm,DCRmax0.234ohm;conservative Isat1.3A/Irms0.84A;typ1.6/1.2A not guaranteed;waveform/heat pending.",https://www.lcsc.com/product-detail/C167808.html ; https://img.ichunt.com/doc/pdf/cms/201807/19/de6ca674f8412d481b3fd051c98c9aff.pdf,Manufacturer data hosted by distributor; incoming revision must be verified,2026-09-30,False,False
Q1,AO3400A,Package_TO_SOT_SMD:SOT-23,N-MOS as vendorAO3400 stage,False,Alpha and Omega Semiconductor,AO3400A,DigiKey/Mouser exact MPN,CANDIDATE,FIRST_ARTICLE_PENDING,1,N-MOS G1/S2/D3;A differs from reference non-A;switching qualification pending.,https://www.aosmd.com/products/mosfets/low-voltage-mosfets-12v-30v/ao3400a,Manufacturer source; application qualification pending,2026-09-30,False,False
Q2,SI2301CDS-T1-E3,Package_TO_SOT_SMD:SOT-23,Vishay P-MOS exactly vendor negative-boost stage,False,Vishay,SI2301CDS-T1-E3,DigiKey/Mouser exact MPN,REFERENCE_EXACT,FIRST_ARTICLE_PENDING,1,Negative-boost P-MOS G1/S2/D3;do not buy AO3401A from generic symbol name.,https://www.vishay.com/docs/68741/si2301cd.pdf,Manufacturer source; application qualification pending,2026-09-30,False,False
R100,1M,Resistor_SMD:R_0603_1608Metric,1M; vendorstage; sense resistors0.2ohm>=0.25W,False,YAGEO,RC0603FR-071ML,DigiKey/Mouser exact MPN,CANDIDATE,FIRST_ARTICLE_PENDING,1,"1%,0.1W at70C,100ppm/K;retain0603.",https://yageogroup.com/component-documentation/download/specsheet/RC0603FR-071ML,Manufacturer source; application qualification pending,2026-09-30,False,False
R101,0.2R,Resistor_SMD:R_0805_2012Metric,0.2R; vendorstage; sense resistors0.2ohm>=0.25W,False,Panasonic,ERJ-6DSFR20V,DigiKey/element14 exact MPN,CANDIDATE,FIRST_ARTICLE_PENDING,1,"0.2ohm1%,0.5W@70C,TCR0..150ppm/K;5s overload test not repetitive boost-pulse approval;measure pulse/heat.",https://industrial.panasonic.com/cdbs/www-data/pdf/RDN0000/AOA0000C313.pdf,Manufacturer source; application qualification pending,2026-09-30,False,False
R102,1M,Resistor_SMD:R_0603_1608Metric,1M; vendorstage; sense resistors0.2ohm>=0.25W,False,YAGEO,RC0603FR-071ML,DigiKey/Mouser exact MPN,CANDIDATE,FIRST_ARTICLE_PENDING,1,"1%,0.1W at70C,100ppm/K;retain0603.",https://yageogroup.com/component-documentation/download/specsheet/RC0603FR-071ML,Manufacturer source; application qualification pending,2026-09-30,False,False
R103,0.2R,Resistor_SMD:R_0805_2012Metric,0.2R; vendorstage; sense resistors0.2ohm>=0.25W,False,Panasonic,ERJ-6DSFR20V,DigiKey/element14 exact MPN,CANDIDATE,FIRST_ARTICLE_PENDING,1,"0.2ohm1%,0.5W@70C,TCR0..150ppm/K;5s overload test not repetitive boost-pulse approval;measure pulse/heat.",https://industrial.panasonic.com/cdbs/www-data/pdf/RDN0000/AOA0000C313.pdf,Manufacturer source; application qualification pending,2026-09-30,False,False
R104,0R,Resistor_SMD:R_0603_1608Metric,0R; vendorstage; sense resistors0.2ohm>=0.25W,False,YAGEO,RC0603JR-070RL,DigiKey/Mouser exact MPN,CANDIDATE,FIRST_ARTICLE_PENDING,1,Fitted0ohm0603 VPH/VGH link;verify jumper current/resistance.,https://yageogroup.com/component-documentation/download/specsheet/RC0603JR-070RL,Manufacturer source; application qualification pending,2026-09-30,False,False
D1,MBR0530,Diode_SMD:D_SOD-123,30V0.5A Schottky as vendor reference; pin1K pin2A,False,onsemi,MBR0530T1G,DigiKey/Mouser exact MPN,CANDIDATE,FIRST_ARTICLE_PENDING,1,30V0.5A SOD123;pin1K/pin2A;reverse/ripple/switching stress pending.,https://www.onsemi.com/download/data-sheet/pdf/mbr0530t1-d.pdf,Manufacturer source; application qualification pending,2026-09-30,False,False
D2,MBR0530,Diode_SMD:D_SOD-123,30V0.5A Schottky as vendor reference; pin1K pin2A,False,onsemi,MBR0530T1G,DigiKey/Mouser exact MPN,CANDIDATE,FIRST_ARTICLE_PENDING,1,30V0.5A SOD123;pin1K/pin2A;reverse/ripple/switching stress pending.,https://www.onsemi.com/download/data-sheet/pdf/mbr0530t1-d.pdf,Manufacturer source; application qualification pending,2026-09-30,False,False
D3,MBR0530,Diode_SMD:D_SOD-123,30V0.5A Schottky as vendor reference; pin1K pin2A,False,onsemi,MBR0530T1G,DigiKey/Mouser exact MPN,CANDIDATE,FIRST_ARTICLE_PENDING,1,30V0.5A SOD123;pin1K/pin2A;reverse/ripple/switching stress pending.,https://www.onsemi.com/download/data-sheet/pdf/mbr0530t1-d.pdf,Manufacturer source; application qualification pending,2026-09-30,False,False
D6,MBR0530,Diode_SMD:D_SOD-123,30V0.5A Schottky as vendor reference; pin1K pin2A,False,onsemi,MBR0530T1G,DigiKey/Mouser exact MPN,CANDIDATE,FIRST_ARTICLE_PENDING,1,30V0.5A SOD123;pin1K/pin2A;reverse/ripple/switching stress pending.,https://www.onsemi.com/download/data-sheet/pdf/mbr0530t1-d.pdf,Manufacturer source; application qualification pending,2026-09-30,False,False
C110,4.7u/25V,Capacitor_SMD:C_0805_2012Metric,4.7u/25V X7R/X5R0805; voltage-rated; DC-bias capacitance vendor verification required,False,TDK,C2012X5R1E475K125AB,TDK authorized distributor,CANDIDATE,FIRST_ARTICLE_PENDING,1,4.7uF10%25V X5R;max body1.45mm;DC-bias/ripple pending.,https://product.tdk.com/en/search/capacitor/ceramic/mlcc/info?part_no=C2012X5R1E475K125AB,Manufacturer source; application qualification pending,2026-09-30,False,False
C111,470n/25V,Capacitor_SMD:C_0805_2012Metric,470n/25V X7R/X5R0805; voltage-rated; DC-bias capacitance vendor verification required,False,TDK,C2012X7R1E474K125AA,TDK authorized distributor,CANDIDATE,FIRST_ARTICLE_PENDING,1,470nF10%25V X7R;max body1.45mm;rail stress pending.,https://product.tdk.com/en/search/capacitor/ceramic/mlcc/info?part_no=C2012X7R1E474K125AA,Manufacturer source; application qualification pending,2026-09-30,False,False
C112,10u/25V,Capacitor_SMD:C_0805_2012Metric,10u/25V X7R/X5R0805; voltage-rated; DC-bias capacitance vendor verification required,False,TDK,C2012X5R1E106K125AB,TDK authorized distributor,CANDIDATE,FIRST_ARTICLE_PENDING,1,10uF10%25V X5R;max body1.45mm;effective capacitance/boost/flying-cap stress pending.,https://product.tdk.com/en/search/capacitor/ceramic/mlcc/info?part_no=C2012X5R1E106K125AB,Manufacturer source; application qualification pending,2026-09-30,False,False
C113,10u/25V,Capacitor_SMD:C_0805_2012Metric,10u/25V X7R/X5R0805; voltage-rated; DC-bias capacitance vendor verification required,False,TDK,C2012X5R1E106K125AB,TDK authorized distributor,CANDIDATE,FIRST_ARTICLE_PENDING,1,10uF10%25V X5R;max body1.45mm;effective capacitance/boost/flying-cap stress pending.,https://product.tdk.com/en/search/capacitor/ceramic/mlcc/info?part_no=C2012X5R1E106K125AB,Manufacturer source; application qualification pending,2026-09-30,False,False
C114,4.7u/25V,Capacitor_SMD:C_0805_2012Metric,4.7u/25V X7R/X5R0805; voltage-rated; DC-bias capacitance vendor verification required,False,TDK,C2012X5R1E475K125AB,TDK authorized distributor,CANDIDATE,FIRST_ARTICLE_PENDING,1,4.7uF10%25V X5R;max body1.45mm;DC-bias/ripple pending.,https://product.tdk.com/en/search/capacitor/ceramic/mlcc/info?part_no=C2012X5R1E475K125AB,Manufacturer source; application qualification pending,2026-09-30,False,False
C115,10u/25V,Capacitor_SMD:C_0805_2012Metric,10u/25V X7R/X5R0805; voltage-rated; DC-bias capacitance vendor verification required,False,TDK,C2012X5R1E106K125AB,TDK authorized distributor,CANDIDATE,FIRST_ARTICLE_PENDING,1,10uF10%25V X5R;max body1.45mm;effective capacitance/boost/flying-cap stress pending.,https://product.tdk.com/en/search/capacitor/ceramic/mlcc/info?part_no=C2012X5R1E106K125AB,Manufacturer source; application qualification pending,2026-09-30,False,False
C116,10u/25V,Capacitor_SMD:C_0805_2012Metric,10u/25V X7R/X5R0805; voltage-rated; DC-bias capacitance vendor verification required,False,TDK,C2012X5R1E106K125AB,TDK authorized distributor,CANDIDATE,FIRST_ARTICLE_PENDING,1,10uF10%25V X5R;max body1.45mm;effective capacitance/boost/flying-cap stress pending.,https://product.tdk.com/en/search/capacitor/ceramic/mlcc/info?part_no=C2012X5R1E106K125AB,Manufacturer source; application qualification pending,2026-09-30,False,False
C117,10u/25V,Capacitor_SMD:C_0805_2012Metric,10u/25V X7R/X5R0805; voltage-rated; DC-bias capacitance vendor verification required,False,TDK,C2012X5R1E106K125AB,TDK authorized distributor,CANDIDATE,FIRST_ARTICLE_PENDING,1,10uF10%25V X5R;max body1.45mm;effective capacitance/boost/flying-cap stress pending.,https://product.tdk.com/en/search/capacitor/ceramic/mlcc/info?part_no=C2012X5R1E106K125AB,Manufacturer source; application qualification pending,2026-09-30,False,False
C118,10u/25V,Capacitor_SMD:C_0805_2012Metric,10u/25V X7R/X5R0805; voltage-rated; DC-bias capacitance vendor verification required,False,TDK,C2012X5R1E106K125AB,TDK authorized distributor,CANDIDATE,FIRST_ARTICLE_PENDING,1,10uF10%25V X5R;max body1.45mm;effective capacitance/boost/flying-cap stress pending.,https://product.tdk.com/en/search/capacitor/ceramic/mlcc/info?part_no=C2012X5R1E106K125AB,Manufacturer source; application qualification pending,2026-09-30,False,False
C119,10u/25V,Capacitor_SMD:C_0805_2012Metric,10u/25V X7R/X5R0805; voltage-rated; DC-bias capacitance vendor verification required,False,TDK,C2012X5R1E106K125AB,TDK authorized distributor,CANDIDATE,FIRST_ARTICLE_PENDING,1,10uF10%25V X5R;max body1.45mm;effective capacitance/boost/flying-cap stress pending.,https://product.tdk.com/en/search/capacitor/ceramic/mlcc/info?part_no=C2012X5R1E106K125AB,Manufacturer source; application qualification pending,2026-09-30,False,False
C120,10u/25V,Capacitor_SMD:C_0805_2012Metric,10u/25V X7R/X5R0805; voltage-rated; DC-bias capacitance vendor verification required,False,TDK,C2012X5R1E106K125AB,TDK authorized distributor,CANDIDATE,FIRST_ARTICLE_PENDING,1,10uF10%25V X5R;max body1.45mm;effective capacitance/boost/flying-cap stress pending.,https://product.tdk.com/en/search/capacitor/ceramic/mlcc/info?part_no=C2012X5R1E106K125AB,Manufacturer source; application qualification pending,2026-09-30,False,False
C121,10u/25V,Capacitor_SMD:C_0805_2012Metric,10u/25V X7R/X5R0805; voltage-rated; DC-bias capacitance vendor verification required,False,TDK,C2012X5R1E106K125AB,TDK authorized distributor,CANDIDATE,FIRST_ARTICLE_PENDING,1,10uF10%25V X5R;max body1.45mm;effective capacitance/boost/flying-cap stress pending.,https://product.tdk.com/en/search/capacitor/ceramic/mlcc/info?part_no=C2012X5R1E106K125AB,Manufacturer source; application qualification pending,2026-09-30,False,False
C122,4.7u/25V,Capacitor_SMD:C_0805_2012Metric,4.7u/25V X7R/X5R0805; voltage-rated; DC-bias capacitance vendor verification required,False,TDK,C2012X5R1E475K125AB,TDK authorized distributor,CANDIDATE,FIRST_ARTICLE_PENDING,1,4.7uF10%25V X5R;max body1.45mm;DC-bias/ripple pending.,https://product.tdk.com/en/search/capacitor/ceramic/mlcc/info?part_no=C2012X5R1E475K125AB,Manufacturer source; application qualification pending,2026-09-30,False,False
C123,2.2u/6.3V,Capacitor_SMD:C_0805_2012Metric,2.2u/6.3V X7R/X5R0805; voltage-rated; DC-bias capacitance vendor verification required,False,TDK,C2012X7R1C225K125AB,TDK authorized distributor,CANDIDATE,FIRST_ARTICLE_PENDING,1,2.2uF10%16V X7R;above6.3V source minimum;max body1.45mm;VDDDO qualification pending.,https://product.tdk.com/en/search/capacitor/ceramic/mlcc/info?part_no=C2012X7R1C225K125AB,Manufacturer source; application qualification pending,2026-09-30,False,False
C124,1u/50V,Capacitor_SMD:C_0805_2012Metric,1u/50V X7R/X5R0805; voltage-rated; DC-bias capacitance vendor verification required,False,TDK,C2012X7R1H105K125AB,TDK authorized distributor,CANDIDATE,FIRST_ARTICLE_PENDING,1,1uF10%50V X7R;max body1.45mm;retain50V;flying-cap bias/ripple pending.,https://product.tdk.com/en/search/capacitor/ceramic/mlcc/info?part_no=C2012X7R1H105K125AB,Manufacturer source; application qualification pending,2026-09-30,False,False
C125,10u/25V,Capacitor_SMD:C_0805_2012Metric,10u/25V X7R/X5R0805; voltage-rated; DC-bias capacitance vendor verification required,False,TDK,C2012X5R1E106K125AB,TDK authorized distributor,CANDIDATE,FIRST_ARTICLE_PENDING,1,10uF10%25V X5R;max body1.45mm;effective capacitance/boost/flying-cap stress pending.,https://product.tdk.com/en/search/capacitor/ceramic/mlcc/info?part_no=C2012X5R1E106K125AB,Manufacturer source; application qualification pending,2026-09-30,False,False
C126,1u/50V,Capacitor_SMD:C_0805_2012Metric,1u/50V X7R/X5R0805; voltage-rated; DC-bias capacitance vendor verification required,False,TDK,C2012X7R1H105K125AB,TDK authorized distributor,CANDIDATE,FIRST_ARTICLE_PENDING,1,1uF10%50V X7R;max body1.45mm;retain50V;flying-cap bias/ripple pending.,https://product.tdk.com/en/search/capacitor/ceramic/mlcc/info?part_no=C2012X7R1H105K125AB,Manufacturer source; application qualification pending,2026-09-30,False,False
C127,1u/50V,Capacitor_SMD:C_0805_2012Metric,1u/50V X7R/X5R0805; voltage-rated; DC-bias capacitance vendor verification required,False,TDK,C2012X7R1H105K125AB,TDK authorized distributor,CANDIDATE,FIRST_ARTICLE_PENDING,1,1uF10%50V X7R;max body1.45mm;retain50V;flying-cap bias/ripple pending.,https://product.tdk.com/en/search/capacitor/ceramic/mlcc/info?part_no=C2012X7R1H105K125AB,Manufacturer source; application qualification pending,2026-09-30,False,False
C128,1u/50V,Capacitor_SMD:C_0805_2012Metric,1u/50V X7R/X5R0805; voltage-rated; DC-bias capacitance vendor verification required,False,TDK,C2012X7R1H105K125AB,TDK authorized distributor,CANDIDATE,FIRST_ARTICLE_PENDING,1,1uF10%50V X7R;max body1.45mm;retain50V;flying-cap bias/ripple pending.,https://product.tdk.com/en/search/capacitor/ceramic/mlcc/info?part_no=C2012X7R1H105K125AB,Manufacturer source; application qualification pending,2026-09-30,False,False
C129,470n/25V,Capacitor_SMD:C_0805_2012Metric,470n/25V X7R/X5R0805; voltage-rated; DC-bias capacitance vendor verification required,False,TDK,C2012X7R1E474K125AA,TDK authorized distributor,CANDIDATE,FIRST_ARTICLE_PENDING,1,470nF10%25V X7R;max body1.45mm;rail stress pending.,https://product.tdk.com/en/search/capacitor/ceramic/mlcc/info?part_no=C2012X7R1E474K125AA,Manufacturer source; application qualification pending,2026-09-30,False,False
C130,1u/50V,Capacitor_SMD:C_0805_2012Metric,1u/50V X7R/X5R0805; voltage-rated; DC-bias capacitance vendor verification required,False,TDK,C2012X7R1H105K125AB,TDK authorized distributor,CANDIDATE,FIRST_ARTICLE_PENDING,1,1uF10%50V X7R;max body1.45mm;retain50V;flying-cap bias/ripple pending.,https://product.tdk.com/en/search/capacitor/ceramic/mlcc/info?part_no=C2012X7R1H105K125AB,Manufacturer source; application qualification pending,2026-09-30,False,False
C131,1u/50V,Capacitor_SMD:C_0805_2012Metric,1u/50V X7R/X5R0805; voltage-rated; DC-bias capacitance vendor verification required,False,TDK,C2012X7R1H105K125AB,TDK authorized distributor,CANDIDATE,FIRST_ARTICLE_PENDING,1,1uF10%50V X7R;max body1.45mm;retain50V;flying-cap bias/ripple pending.,https://product.tdk.com/en/search/capacitor/ceramic/mlcc/info?part_no=C2012X7R1H105K125AB,Manufacturer source; application qualification pending,2026-09-30,False,False
U5,USBLC6-2SC6,Package_TO_SOT_SMD:SOT-23-6,ST USBLC6-2SC6; DS4260pinmap; short GNDreturn; systemESDtest pending,False,STMicroelectronics,USBLC6-2SC6,ST Direct/DigiKey,SOURCE_SPECIFIED,FIRST_ARTICLE_PENDING,1,"SOT23-6L;1/6IO1,2GND,3/4IO2,5VBUS;not2P6 package;component ESD rating is not badge certification.",https://www.st.com/resource/en/datasheet/usblc6-2.pdf,Manufacturer source; application qualification pending,2026-09-30,False,False
FB2,BLM18PG121SN1D,Inductor_SMD:L_0603_1608Metric,Separate logic ferrite branch as vendor reference; EPD_SUPPLY is gated3V3,False,Murata,BLM18PG121SN1D,DigiKey/Mouser exact MPN,REFERENCE_EXACT,FIRST_ARTICLE_PENDING,1,120ohm@100MHz;2A at datasheet conditions;DCRmax0.05ohm;bias/thermal pending.,https://www.murata.com/products/productdata/8796738650142/ENFA0003.pdf?1730777412000=,Manufacturer source; application qualification pending,2026-09-30,False,False
SW3,UPDATE,Button_Switch_SMD:SW_SPST_PTS810,C&K PTS810; nominalheight2.5mm(+.2/-.1); travel.15+/-.1mm; actuator/flexure must be tested,False,C&K/Littelfuse,PTS810 SJM 250 SMTR LFS,DigiKey/Mouser exact MPN,CANDIDATE,FIRST_ARTICLE_PENDING,1,160gf;assembled2.5mm +0.2/-0.1;travel0.15+/-0.1mm;not old1.5mm;actuator first article pending.,https://www.ckswitches.com/media/2214/tactile.pdf,Manufacturer source; application qualification pending,2026-09-30,False,False
R21,100k,Resistor_SMD:R_0402_1005Metric,External100kRTCwakepullup; sleep only afterrelease,False,YAGEO,RC0402FR-07100KL,DigiKey/Mouser exact MPN,CANDIDATE,FIRST_ARTICLE_PENDING,1,"1%,0.063W at70C,100ppm/K.",https://yageogroup.com/component-documentation/download/specsheet/RC0402FR-07100KL,Manufacturer source; application qualification pending,2026-09-30,False,False
R22,1M,Resistor_SMD:R_0402_1005Metric,1M 0402 1%,False,YAGEO,RC0402FR-071ML,DigiKey/Mouser exact MPN,CANDIDATE,FIRST_ARTICLE_PENDING,1,"1%,0.063W at70C,100ppm/K;divider leakage/calibration pending.",https://yageogroup.com/component-documentation/download/specsheet/RC0402FR-071ML,Manufacturer source; application qualification pending,2026-09-30,False,False
R23,330k,Resistor_SMD:R_0402_1005Metric,330k 0402 1%,False,YAGEO,RC0402FR-07330KL,DigiKey/Mouser exact MPN,CANDIDATE,FIRST_ARTICLE_PENDING,1,"1%,0.063W at70C,100ppm/K;VBUS ADC calibration pending.",https://yageogroup.com/component-documentation/download/specsheet/RC0402FR-07330KL,Manufacturer source; application qualification pending,2026-09-30,False,False
C32,100n,Capacitor_SMD:C_0402_1005Metric,100n 0402,False,TDK,C1005X7R1C104K050BC,TDK authorized distributor,CANDIDATE,FIRST_ARTICLE_PENDING,1,100nF10%16V X7R;max body0.55mm.,https://product.tdk.com/en/search/capacitor/ceramic/mlcc/info?part_no=C1005X7R1C104K050BC,Manufacturer source; application qualification pending,2026-09-30,False,False
